City_ID,City,Country,Max Temp,Weather Description,Lat,Lng,Hotel Name
0,Port Alfred,ZA,62.19,scattered clouds,-33.5906,26.891,The Halyards Hotel & Spa
1,Busselton,AU,70.05,overcast clouds,-33.65,115.3333,Observatory Guest House
2,Naze,JP,67.12,clear sky,28.3667,129.4833,Shishime Hotel
3,Yangambi,CD,69.48,light rain,0.8102,24.4336,
4,Cayenne,GF,78.84,clear sky,4.9333,-52.3333,H√¥tel Le Dronmi
10,Pacific Grove,US,65.88,clear sky,36.6177,-121.9166,Lovers Point Inn
16,Coachella,US,73.35,clear sky,33.6803,-116.1739,Fantasy Springs Resort Casino
19,Plettenberg Bay,ZA,63.84,overcast clouds,-34.0527,23.3716,Thanda Vista B&B
21,Punta Arenas,CL,50.11,scattered clouds,-53.15,-70.9167,Hotel Hain
22,Ribeira Grande,PT,66.78,broken clouds,38.5167,-28.7,Quinta da Meia Eira
23,Kaitangata,NZ,65.01,overcast clouds,-46.2817,169.8464,Kaitangata Motor Camp
24,Mataura,NZ,74.95,overcast clouds,-46.1927,168.8643,Ellie's Villa
25,Ushuaia,AR,51.46,clear sky,-54.8,-68.3,Albatross Hotel
26,Rikitea,PF,74.8,broken clouds,-23.1203,-134.9692,People ThankYou
27,San Quintin,MX,62.44,clear sky,30.4833,-115.95,Don Eddie's Sport Fishing Center
28,Ajdabiya,LY,61.54,clear sky,30.7554,20.2263,Almadina Hotel
29,Vao,NC,74.79,broken clouds,-22.6667,167.4833,Hotel Kou-Bugny
30,Kisangani,CD,69.4,overcast clouds,0.5167,25.2,Grand Ramela Hotel
31,Hobart,AU,51.66,overcast clouds,-42.8794,147.3294,St Ives Hobart Accommodation Tasmania
34,Chalus,IR,53.06,scattered clouds,36.655,51.4204,Rama Spa
35,Faanui,PF,79.83,overcast clouds,-16.4833,-151.75,Bora-Bora Pearl Beach Resort & Spa
38,Mahebourg,MU,68.25,light rain,-20.4081,57.7,Shandrani Beachcomber Resort & Spa
39,Riyadh,SA,66.34,clear sky,24.6877,46.7219,"InterContinental Riyadh, an IHG Hotel"
40,Harper,LR,77.11,few clouds,4.375,-7.7169,Screensaver
42,Owerri,NG,74.39,overcast clouds,5.4833,7.0304,Dream Land Hotel
43,Lazaro Cardenas,MX,78.13,overcast clouds,17.9583,-102.2,HOTEL QUINTA ANTIGUA
44,Castro,BR,56.84,clear sky,-24.7911,-50.0119,CHACARA BAILLY
45,Mar Del Plata,AR,65.08,clear sky,-38.0023,-57.5575,Gran Hotel Mar del Plata
46,San Cristobal,VE,69.98,overcast clouds,7.7669,-72.225,Pirineos
49,Constitucion,CL,57.31,clear sky,-35.3333,-72.4167,Hotel Boutique Las Azucenas
50,Bredasdorp,ZA,60.94,broken clouds,-34.5322,20.0403,Bredasdorp Country Manor
51,Pimenta Bueno,BR,71.19,overcast clouds,-11.6725,-61.1936,Cristalina Palace Hotel
58,Piacabucu,BR,76.51,few clouds,-10.4056,-36.4344,Pia√ßabu√ßu News
62,Padang,ID,75.25,overcast clouds,-0.9492,100.3543,Mercure Padang
64,Bartica,GY,79.12,overcast clouds,6.4,-58.6167,Sloth Island Nature Resort
66,Eureka,US,56.01,clear sky,40.8021,-124.1637,Eureka Inn Trademark By Wyndham
69,Olinda,BR,78.53,broken clouds,-8.0089,-34.8553,Flat Quatro Rodas Olinda
70,Aracati,BR,78.48,clear sky,-4.5617,-37.7697,Motel Pousada Milleniun - Aracati-CE
75,Saldanha,ZA,62.98,overcast clouds,-33.0117,17.9442,Blue Bay Lodge
76,Najran,SA,61.45,clear sky,17.4924,44.1277,ŸÖÿ≠ŸÖÿØ ŸáÿßÿØŸä ÿßŸÑ ŸÅÿ∑Ÿäÿ≠
80,Touros,BR,77.86,clear sky,-5.1989,-35.4608,INN NEW HORIZON
81,Puerto Ayora,EC,70.56,broken clouds,-0.7393,-90.3518,Finch Bay Galapagos Hotel
82,Geraldton,AU,75.61,clear sky,-28.7667,114.6,Broadwater Mariner Resort
84,Aswan,EG,62.8,few clouds,24.0934,32.907,Nuba Nile
85,Avarua,CK,77.05,broken clouds,-21.2078,-159.775,Paradise Inn
87,Dwarka,IN,78.13,clear sky,22.2394,68.9678,Hotel Narayan Avezika Comfort
88,Karratha,AU,78.67,few clouds,-20.7377,116.8463,ibis Styles Karratha
89,Port Elizabeth,ZA,61.11,clear sky,-33.918,25.5701,39 On Nile Guest House
91,Arraial Do Cabo,BR,71.73,moderate rain,-22.9661,-42.0278,Pousada Porto Praia
93,Atuona,PF,77.85,clear sky,-9.8,-139.0333,Villa Enata
94,Hermanus,ZA,59.81,overcast clouds,-34.4187,19.2345,Misty Waves Boutique Hotel
95,Cape Town,ZA,63.01,broken clouds,-33.9258,18.4232,"Radisson Blu Hotel Waterfront, Cape Town"
96,Meulaboh,ID,76.08,overcast clouds,4.1363,96.1285,Kost Pria
99,Hohoe,GH,72.3,few clouds,7.1518,0.4736,Agumatsa Falls Lodge
101,Bengkulu,ID,79.79,scattered clouds,-3.8004,102.2655,Grage Hotel Bengkulu
102,Kindu,CD,65.93,overcast clouds,-2.95,25.95,R√©sidence Okanda
103,Garissa,KE,74.12,moderate rain,-0.4536,39.6401,Sharif Plaza Hotel
105,Rankweil,AT,53.11,light rain,47.2764,9.6303,Hotel - Gasthof Mohren
106,Mogadishu,SO,78.31,light rain,2.0371,45.3438,Hotel Juba
107,Praya,CV,73.94,few clouds,14.9215,-23.5087,LT Aparthotel
108,Pandaria,IN,59.18,clear sky,22.2333,81.4167,Sonu Rajak
109,Axim,GH,77.7,light rain,4.8699,-2.2405,Axim Beach Resort And Spa
110,Chimbarongo,CL,76.08,clear sky,-34.7,-71.05,Hostal Ruka Kama√±
113,Ponta Do Sol,PT,68.72,broken clouds,32.6667,-17.1,Hotel do Campo
114,Bulungu,CD,69.17,moderate rain,-4.55,18.6,Maison MC Michel
115,Acarau,BR,78.26,clear sky,-2.8856,-40.12,castelo pizzaria
116,Palghar,IN,73.44,clear sky,19.6833,72.75,"Samarth Krupa Farm, Palghar"
117,Biak,ID,79.38,overcast clouds,-0.9131,122.8766,Penginapan Kim
118,Gasa,PS,58.87,clear sky,31.5,34.4667,ÿ±ÿßÿ®ÿ∑ÿ© ÿßŸÑŸÅŸÜÿßŸÜŸäŸÜ ÿßŸÑŸÅŸÑÿ≥ÿ∑ŸäŸÜŸäŸäŸÜ
119,Cap Malheureux,MU,68.47,scattered clouds,-19.9842,57.6142,Pereybere Hotel & Spa
122,Jhelum,PK,59.18,clear sky,32.9331,73.7264,Tulip Riverside Hotel And Restaurant Jehlum
124,Labranzagrande,CO,65.35,overcast clouds,5.5622,-72.575,Hotel Casa Grande
125,Bluff,NZ,60.15,overcast clouds,-46.6,168.3333,Bluff Homestead - Guesthouse & Campervan Park
128,Ribeira Brava,PT,68.72,broken clouds,32.65,-17.0667,Hotel do Campo
130,Auray,FR,56.75,overcast clouds,47.6703,-2.9918,Best Western Auray hotel du Loch
132,Salalah,OM,73.49,clear sky,17.0151,54.0924,"HAMDAN PLAZA HOTEL SALALAH, an HTG Hotel"
133,Sao Filipe,CV,75.83,broken clouds,14.8961,-24.4956,Hotel Xaguate
134,Hasaki,JP,52.29,clear sky,35.7333,140.8333,Inubosaki Kanko Hotel
137,Susaki,JP,55.47,clear sky,33.3667,133.2833,Awa
139,Carnarvon,AU,73.72,clear sky,-24.8667,113.6333,Hospitality Carnarvon
152,Comodoro Rivadavia,AR,71.46,clear sky,-45.8667,-67.5,Austral Hotel
157,Shekhupura,PK,57.25,clear sky,31.7131,73.9783,Best Holidays Inn
160,Ancud,CL,53.49,light rain,-41.8697,-73.8203,Hotel Arena Gruesa
161,Archidona,ES,59.85,overcast clouds,37.0965,-4.3887,Hotel Escua
166,Aljezur,PT,64.22,overcast clouds,37.3191,-8.8033,Amazigh Hostel
168,Lebu,CL,55.56,clear sky,-37.6167,-73.65,Hostal Las Lilas
169,Lima,PE,62.85,few clouds,-12.0432,-77.0282,Hotel Kamana
170,Sao Joao Da Barra,BR,71.69,moderate rain,-21.6403,-41.0511,Pousada Porto De Canoas
171,Tuy Hoa,VN,78.31,broken clouds,13.0833,109.3,Hotel S√†i G√≤n-Ph√∫ Y√™n
172,Metu,ET,54.48,clear sky,8.3,35.5833,Selam pension
173,New Norfolk,AU,51.3,overcast clouds,-42.7826,147.0587,The Shingles Riverside Cottages
174,Jinji,CN,69.55,overcast clouds,23.2281,110.8261,
176,Richards Bay,ZA,65.03,few clouds,-28.783,32.0377,BON Hotel Waterfront Richards Bay
179,Saint-Philippe,RE,65.79,scattered clouds,-21.3585,55.7679,Le four √† pain
183,Airai,TL,74.28,scattered clouds,-8.9266,125.4092,
184,Yulara,AU,69.12,overcast clouds,-25.2406,130.9889,Desert Gardens Hotel - Ayers Rock Resort
188,Coulommiers,FR,50.38,overcast clouds,48.8145,3.085,H√¥tel Premi√®re Classe Coulommiers
190,Saint-Leu,RE,73.96,broken clouds,-21.15,55.2833,La Caz Oceane
191,Quatre Cocos,MU,68.09,scattered clouds,-20.2078,57.7625,Sunrise Attitude Hotel
192,Minab,IR,75.92,clear sky,27.1467,57.0801,Bam campground
194,Barra Patuca,HN,78.39,light rain,15.8,-84.2833,
195,Hambantota,LK,75.54,few clouds,6.1241,81.1185,Bungalow 63
199,Coihaique,CL,53.55,broken clouds,-45.5752,-72.0662,Diego De Almagro Coyhaique
200,Lompoc,US,62.02,clear sky,34.6391,-120.4579,"Holiday Inn Express Lompoc, an IHG Hotel"
202,Meghraj,IN,67.39,clear sky,23.5,73.5,Arvalli Society meghraj
203,East London,ZA,65.12,scattered clouds,-33.0153,27.9116,Tu Casa
205,Dickinson,US,50.95,few clouds,29.4608,-95.0513,Hampton Inn & Suites Houston/League City
209,Broken Hill,AU,58.26,clear sky,-31.95,141.4333,Royal Exchange Hotel
210,Ahipara,NZ,68.32,overcast clouds,-35.1667,173.1667,Ahipara Holiday Park
212,Rocha,UY,55.51,clear sky,-34.4833,-54.3333,Hotel Arrarte
214,Sechura,PE,65.21,broken clouds,-5.5569,-80.8222,Hospedaje Costa Bella
216,Yamethin,MM,70.39,clear sky,20.4333,96.15,·Ä°·Äú·ÄÑ·Ä∫·Ä∏·Äõ·Ä±·Ä¨·ÄÑ·Ä∫ ·Äò·ÄÄ·Ä∫·Äë·Äõ·ÄÆ
219,Acapulco,MX,79.48,broken clouds,16.8634,-99.8901,HS Hotsson Smart Acapulco
224,Chuy,UY,58.46,clear sky,-33.6971,-53.4616,Nuevo Hotel Plaza
228,Shimoda,JP,61.16,clear sky,34.6667,138.95,Shimoda Tokyu Hotel
229,Codrington,AU,53.78,overcast clouds,-38.2667,141.9667,
230,Mao,ES,68.56,clear sky,39.8885,4.2658,ARTIEM Capri
232,Mayumba,GA,76.73,overcast clouds,-3.432,10.6554,LIKWALE LODGE
233,Talara,PE,66.96,broken clouds,-4.5772,-81.2719,Hostal Oro Negro
234,Biharamulo,TZ,62.29,overcast clouds,-2.6319,31.3089,Annex Lodge
235,Tuatapere,NZ,65.14,overcast clouds,-46.1333,167.6833,Ron and Tony's Bed & Breakfast
237,Bambous Virieux,MU,68.22,broken clouds,-20.3428,57.7575,Casa Tia Villa
238,Dondo,MZ,71.11,clear sky,-19.6094,34.7431,Pensao Casual
239,Gisborne,NZ,67.69,few clouds,-38.6533,178.0042,ASURE Alfresco Motor Lodge
241,Morrinhos,BR,73.02,overcast clouds,-17.7311,-49.0994,"Hotel Aguia - Hotel, Per Noite, Hotel Morrinhos"
242,Tambura,SS,73.54,overcast clouds,5.6,27.4667,Rikito Lodge
245,Port Blair,IN,77.32,overcast clouds,11.6667,92.75,"Welcomhotel By ITC Hotels, Bay Island, Port Blair"
246,Fortuna,US,54.52,clear sky,40.5982,-124.1573,Super 8 by Wyndham Fortuna
253,Kiomboi,TZ,66.24,overcast clouds,-4.2667,34.3667,Noah DS Site
254,Morondava,MG,77.58,overcast clouds,-20.2833,44.2833,La Case Bambou
258,Vinh,VN,76.42,few clouds,18.6667,105.6667,Vuong Hoan 2
259,Gualaquiza,EC,64.44,light rain,-3.4,-78.55,Hotel Merceditas
260,Hlotse,LS,56.97,light rain,-28.8718,28.045,Naleli Guest House
261,Puquio,PE,54.73,overcast clouds,-14.7,-74.1333,Hostal Jousef
262,Netanya,IL,63.21,scattered clouds,32.3329,34.8599,King Koresh Hotel
263,Yokadouma,CM,68.0,overcast clouds,3.5167,15.05,Hotel Elephant
265,Manicore,BR,73.17,moderate rain,-5.8092,-61.3003,Hotel Durval
268,Saint-Francois,FR,51.24,few clouds,46.4154,3.9054,Maison Vin d'Hus
269,Port Arthur,CN,50.22,clear sky,38.8,121.2667,Friendship Hotel
272,Avera,US,53.11,overcast clouds,33.194,-82.5271,
273,Port Lincoln,AU,57.94,broken clouds,-34.7333,135.8667,Port Lincoln Hotel
274,Pasni,PK,77.14,clear sky,25.2631,63.471,Kashmiri Hotal
275,Rio Gallegos,AR,57.25,few clouds,-51.6226,-69.2181,Hotel Santa Cruz
276,Chandla,IN,63.93,clear sky,25.0833,80.2,Rest House
278,Mmabatho,ZA,66.97,clear sky,-25.85,25.6333,Mahikeng Guest Apartments
281,Xai-Xai,MZ,64.72,clear sky,-25.0519,33.6442,Complexo da Familia
285,Pimentel,PE,63.57,overcast clouds,-6.8367,-79.9342,Hotel Puerto del Sol
286,Rumonge,BI,72.03,overcast clouds,-3.9736,29.4386,Kwetu Guest House
287,Bella Union,UY,70.2,overcast clouds,-30.2752,-57.6007,Saville Free Shop
288,Rosetta,EG,64.54,light rain,31.4044,30.4164,Green Valley
291,Victoria,HK,76.96,overcast clouds,22.2855,114.1577,Mini Central
292,Guerrero Negro,MX,65.57,clear sky,27.9769,-114.0611,"Casa Laguna, Bed & Breakfast"
294,Camacupa,AO,61.56,light rain,-12.0167,17.4833,
295,Salgado,BR,77.7,light rain,-11.0319,-37.475,Casa de Veraneio Maria Bonita
297,Chor,PK,69.69,clear sky,25.5167,69.7667,Asad U Bajeer Hotel
299,Namibe,AO,64.99,scattered clouds,-15.1961,12.1522,Hotel Chik Chik Namibe
301,Niquero,CU,79.83,few clouds,20.0431,-77.5828,Islazul Niquero
302,Behshahr,IR,52.43,clear sky,36.6923,53.5526,Abbas Abad Hotel & Restaurant
304,Tabuk,PH,79.3,few clouds,17.4189,121.4443,Golden Berries Hotel and Convention
305,Pisco,PE,64.45,clear sky,-13.7,-76.2167,Hotel San Isidro Oficial
307,Ganzhou,CN,60.98,broken clouds,28.8184,115.4327,Zhanqian Grand Hotel
308,Aden,YE,78.28,scattered clouds,12.7794,45.0367,Sama Emirate Hotel
311,Mangai,CD,67.98,light rain,-4.05,19.5333,
312,Esperance,AU,66.78,clear sky,-33.8667,121.9,Hospitality Esperance
313,Faya,SA,55.51,clear sky,18.3851,42.4509,ÿ¥ŸäŸÑÿ© ŸÜÿ≥ÿßŸäŸÖ
315,Sabha,LY,60.82,overcast clouds,27.0377,14.4283,ŸÖÿ≠ÿ∑ÿ© ÿßŸÖ ÿßŸÑÿßÿ±ÿßŸÜÿ® -ÿ≥ÿ®Ÿáÿß ŸÖŸàÿßÿµŸÑÿßÿ™
316,Ocos,GT,78.98,few clouds,14.5094,-92.1933,Auto Hotel El So√±ador
319,Itarema,BR,78.13,clear sky,-2.9248,-39.9167,"Sea Lounge! Bar, Club & Restaurant"
320,Kruisfontein,ZA,58.89,scattered clouds,-34.0033,24.7314,Oyster Bay House Rental
321,Mirador,BR,75.7,clear sky,-6.3708,-44.3631,Pousada Restaurante e Pizzaria Povo
323,Villanueva De La Serena,ES,59.13,overcast clouds,38.9766,-5.7974,Hotel Veracruz
326,Bani,DO,76.86,clear sky,18.2833,-70.3333,Hospedaje Henriquez
327,Santa Isabel,BR,67.71,overcast clouds,-23.3156,-46.2214,Ch√°cara Sombra do Alt√≠ssimo
328,Sur,OM,77.38,clear sky,22.5667,59.5289,Sur Plaza Hotel
329,Gamba,GA,77.09,overcast clouds,-2.65,10.0,
335,Raudeberg,NO,50.67,overcast clouds,61.9875,5.1352,Nordre Silda.
336,Sakakah,SA,63.97,heavy intensity rain,29.9697,40.2064,Fakhamat Al Orjoana Apartment
339,Suez,EG,62.2,clear sky,29.9737,32.5263,Green House
342,Atar,MR,79.18,clear sky,20.5169,-13.0499,Oumou Elghoura
344,Hastings,GB,54.91,broken clouds,50.8552,0.5729,Zanzibar Hotel
345,Mitsamiouli,KM,78.57,overcast clouds,-11.3847,43.2844,Foyer ADM
347,Mongu,ZM,69.24,overcast clouds,-15.2484,23.1274,Country Lodge Mongu
349,Sawtell,AU,71.62,scattered clouds,-30.3833,153.1,The Bungalow Sawtell
350,Iralaya,HN,79.83,overcast clouds,15.0,-83.2333,Iglesia morava renovada
351,Tahoua,NE,71.58,clear sky,14.8888,5.2692,Bungalows Guesthouse
354,Kalabo,ZM,69.04,overcast clouds,-14.97,22.6814,Sikakubete Guest House Kalabo Town Council
355,Metapan,SV,79.18,scattered clouds,14.3333,-89.45,Hotel San Jos√©
357,Nyaunglebin,MM,73.24,overcast clouds,17.95,96.7333,Thi ha
358,Yakuplu,TR,52.95,broken clouds,40.9889,28.6758,Grand Plaza Hotel
360,Jambi,ID,79.18,overcast clouds,-1.6,103.6167,ASTON Jambi Hotel & Conference Center
362,Katsuura,JP,58.73,clear sky,35.1333,140.3,Katsuura Hotel Mikazuki
364,Makakilo City,US,79.45,clear sky,21.3469,-158.0858,Marriott's Ko Olina Beach Club
365,Bara,NG,70.66,broken clouds,10.3744,10.7288,
366,Marzuq,YE,62.06,clear sky,14.4,46.4667,ÿ≠ŸäÿØ ÿßŸÑŸÇŸÅŸÑÿ©
367,Boueni,YT,73.38,broken clouds,-12.9025,45.0761,The feet in water
369,Bentiu,SS,73.71,few clouds,9.2333,29.8333,Mandela h√¥tel
371,Grand Gaube,MU,68.38,scattered clouds,-20.0064,57.6608,Veranda Paul et Virginie Hotel & Spa
372,Saint-Georges,GD,78.6,moderate rain,12.0564,-61.7485,Radisson Grenada Beach Resort
374,Nabire,ID,79.83,overcast clouds,-3.3667,135.4833,Hotel Nusantara I
380,Charcas,MX,55.09,few clouds,23.1333,-101.1167,Hotel El Malacate
381,Tottori,JP,55.47,scattered clouds,35.5,134.2333,Hotel Monarque Tottori
382,Tenosique,MX,75.76,light rain,17.4833,-91.4333,Hotel Central
386,Lichinga,MZ,62.69,broken clouds,-13.3128,35.2406,Residencial Bendiak
387,Rawson,AR,73.27,overcast clouds,-43.3002,-65.1023,Hosteria Sampedro
389,Pokhara,NP,56.88,clear sky,28.2333,83.9833,OYO 170 Hotel View Point
391,Jacareacanga,BR,72.97,overcast clouds,-6.2222,-57.7528,Casa do Ianüòé
393,Neder Vindinge,DK,50.04,overcast clouds,55.0321,11.8836,Hotel Kong Valdemar
394,Hauterive,FR,52.56,few clouds,46.0901,3.4459,Aletti Palace Hotel
395,Ruteng,ID,73.56,overcast clouds,-8.6136,120.4721,Hotel FX 72
396,Medea,DZ,54.14,scattered clouds,36.2642,2.7539,H√¥tel M'Sallah
397,Vila Velha,BR,76.95,mist,-20.3297,-40.2925,Hotel Vit√≥ria Palace
402,Upington,ZA,64.08,clear sky,-28.4478,21.2561,River Place Manor
403,Paramirim,BR,74.19,overcast clouds,-13.4425,-42.2389,Pousada Rio Pequeno
404,Ramganj Mandi,IN,65.48,clear sky,24.65,75.9333,Kota Stone Mandana
406,Cabo San Lucas,MX,77.5,few clouds,22.8909,-109.9124,Hotel Tesoro Los Cabos
407,Rantepao,ID,74.61,overcast clouds,-2.9701,119.8978,Hotel Luta Resort
410,Zaraza,VE,74.5,overcast clouds,9.3503,-65.3245,Hotel Zaraza
416,Nishihara,JP,72.68,broken clouds,26.1842,127.7558,Minshuku Agaihama
419,Taoudenni,ML,77.11,overcast clouds,22.6783,-3.9836,
420,Chazuta,PE,75.36,overcast clouds,-6.5742,-76.1367,C√°liz Hostel Chazuta
421,Pitimbu,BR,77.7,clear sky,-7.4706,-34.8086,Reserva do Abia√≠
422,Havelock,US,69.75,broken clouds,34.8791,-76.9013,Sherwood Motel
423,Yendi,GH,73.0,clear sky,9.4427,-0.0099,Eyarro Lodge
424,Hoquiam,US,51.94,clear sky,46.9809,-123.8893,Econo Lodge Inn & Suites
427,Mahajanga,MG,73.42,thunderstorm,-15.7167,46.3167,H√¥tel Restaurant Gourmand Coco Lodge Majunga
431,Harwich,GB,52.25,scattered clouds,51.9419,1.2844,Premier Inn Harwich hotel
432,Bayonet Point,US,75.36,overcast clouds,28.3267,-82.6834,"Holiday Inn Express & Suites Port Richey, an IHG Hotel"
433,Coquimbo,CL,60.19,overcast clouds,-29.9533,-71.3436,Hotel San Juan
434,Kawalu,ID,76.8,overcast clouds,-7.3817,108.2082,West Jontor
435,Gushikawa,JP,72.63,overcast clouds,26.3544,127.8686,Kirari Guest House
442,Cidreira,BR,66.61,clear sky,-30.1811,-50.2056,Hotel Castelo
445,Kochi,IN,77.02,scattered clouds,9.9399,76.2602,Trident Hotel Cochin
447,Damaturu,NG,69.75,broken clouds,11.747,11.9608,"Hayas Guest Inn, Central Roundabout, Gujba Road"
448,Puerto Leguizamo,CO,73.36,moderate rain,-0.1934,-74.7819,la casona de juancho
450,Nalut,LY,59.38,clear sky,30.3333,10.85,
451,Moron,AR,75.96,clear sky,-34.6534,-58.6198,Hotel Mor√≥n
454,Abapo,BO,71.78,overcast clouds,-18.8333,-63.4667,
458,Farafangana,MG,73.35,overcast clouds,-22.8167,47.8333,Miarina
459,Palmerston North,NZ,76.05,scattered clouds,-40.35,175.6167,Distinction Coachman Hotel Palmerston North
460,Harer,ET,53.69,clear sky,9.3094,42.1258,Amir Cultural Harari Guesthouse
461,San Patricio,US,58.86,overcast clouds,28.017,-97.5169,"Motel 6 Sinton, TX"
463,Salinas,US,62.96,clear sky,36.6777,-121.6555,Laurel Inn & Conference Center
464,Pafos,CY,56.98,clear sky,34.7667,32.4167,Elysium Hotel
465,Bambanglipuro,ID,76.37,overcast clouds,-7.95,110.2833,Puri Brata
466,Vila Franca Do Campo,PT,67.19,broken clouds,37.7167,-25.4333,Pestana Bahia Praia
467,Mpika,ZM,65.35,overcast clouds,-11.8343,31.4529,Melodies Lodge
469,Biograd Na Moru,HR,56.75,light rain,43.9433,15.4519,Villa Maimare
474,Lighthouse Point,US,79.0,clear sky,26.2756,-80.0873,Residence Inn by Marriott Fort Lauderdale Pompano Beach/Oceanfront
476,Obo,CF,69.6,broken clouds,5.3998,26.4869,
478,Souillac,MU,62.98,light rain,-20.5167,57.5167,Shanti Maurice Resort & Spa
481,Palestine,PS,54.93,few clouds,31.9216,35.2033,Grand Park Hotel
482,Hidalgotitlan,MX,77.02,light rain,17.7833,-94.6333,
485,Sangin,AF,51.71,clear sky,32.0728,64.8359,
487,Hue,VN,75.31,mist,16.4667,107.6,Saigon Morin Hotel
489,Alghero,IT,68.09,scattered clouds,40.5589,8.3181,Smy Carlos V Alghero
491,Kibre Mengist,ET,51.55,clear sky,5.8833,38.9833,kal beauty salone adola
493,Lujan,AR,74.05,scattered clouds,-34.5703,-59.105,Hotel Biarritz
494,Phalombe,MW,67.06,broken clouds,-15.8064,35.6507,RIVONIA
495,Aiken,US,56.86,mist,33.5835,-81.5998,Aiken Cottages
496,Kita,ML,79.84,overcast clouds,13.0349,-9.4895,H√¥tel Chat Rouge
498,Manta,EC,71.38,broken clouds,-0.95,-80.7333,Balandra Hotel
499,Santa Maria,BR,63.66,clear sky,-29.6842,-53.8069,Hotel Morotin
501,Flinders,AU,61.05,light rain,-34.5833,150.8552,Shellharbour Resort & Conference Centre
502,Mormugao,IN,75.58,clear sky,15.4,73.8,Coconut Creek Resort
503,Ankazoabo,MG,71.06,clear sky,-22.2833,44.5167,ENCEIN BUREAU CISCO
507,Arlit,NE,67.35,overcast clouds,18.7369,7.3853,Case de Passage De la Prefecture
510,Chadiza,ZM,65.39,broken clouds,-14.0678,32.4392,Sankhani Guest House
512,Orange Cove,US,60.46,clear sky,36.6244,-119.3137,
513,Miram Shah,PK,53.47,clear sky,33.0086,70.0697,Bachelor Hostel
514,Buritis,BR,71.15,overcast clouds,-15.6178,-46.4233,Hotel Rainha do Vale
516,Rio Grande,BR,64.6,clear sky,-32.035,-52.0986,Hotel Atl√¢ntico Rio Grande
517,Chanika,TZ,68.32,overcast clouds,-5.4167,38.0167,New Rombo Green Hotel
518,Bealanana,MG,61.59,overcast clouds,-14.55,48.7333,Le Delta
520,Nouadhibou,MR,72.9,clear sky,20.931,-17.0347,El Medina
523,Half Moon Bay,US,64.02,clear sky,37.4636,-122.4286,"The Ritz-Carlton, Half Moon Bay"
524,Doha,QA,78.78,clear sky,25.2867,51.5333,M√∂venpick Doha
525,Vaitape,PF,79.81,overcast clouds,-16.5167,-151.75,Conrad Bora Bora Nui
530,Ubeda,ES,59.59,overcast clouds,38.0133,-3.3705,"Palacio del De√°n Ortega, √öbeda"
531,Sakaiminato,JP,59.52,few clouds,35.55,133.2333,Italian pasley
534,Celestun,MX,78.3,few clouds,20.8667,-90.4,Posada Lilia
535,Ternate,ID,79.05,moderate rain,0.8,127.4,Sahid Bela Ternate Hotel
537,Taman,RU,51.69,overcast clouds,45.2117,36.7161,Staryy Gorod G. Taman'
541,Imbituba,BR,65.86,clear sky,-28.24,-48.6703,Praia Hotel Imbituba
546,Terra Rica,BR,63.34,clear sky,-22.7094,-52.6169,Victor Hotel
547,Ngaoundere,CM,66.27,overcast clouds,7.3167,13.5833,Hotel Mentong Palace
550,Araouane,ML,76.15,overcast clouds,18.9048,-3.5265,
551,Buenos Aires,AR,75.94,clear sky,-34.6132,-58.3772,Hotel NH Buenos Aires City
552,Galveston,US,50.09,overcast clouds,29.3669,-94.9669,Crystal Suites
556,Sao Raimundo Nonato,BR,77.68,few clouds,-9.0153,-42.6994,Real Hotel
557,Awbari,LY,59.99,overcast clouds,26.5921,12.7805,ÿßÿ≥ÿ™ÿ±ÿßÿ≠ÿ© ÿßŸÑÿ¥ÿßÿ±ÿ® ÿßŸÑÿπÿßÿ¶ŸÑŸä
560,Nisia Floresta,BR,77.81,clear sky,-6.0911,-35.2086,Rancho Crepusculo
561,Embonas,GR,55.83,few clouds,36.2269,27.8564,Hotel Ataviros
564,Matay,EG,60.24,clear sky,28.419,30.7792,Nag Aespen
566,Soyo,AO,76.01,overcast clouds,-6.1349,12.3689,Hospedaria ndozi'ame
567,Sao Borja,BR,63.95,clear sky,-28.6606,-56.0044,Hotel Executivo
568,Eyl,SO,77.43,few clouds,7.9803,49.8164,EYL AQUE SYSTEM
572,Biltine,TD,69.98,broken clouds,14.5333,20.9167,H√¥tel Trois √âtoiles de Biltine
573,Sidi Ali,DZ,63.09,scattered clouds,36.0998,0.4206,Khaled
575,Gat,IL,63.39,clear sky,31.61,34.7642,OlusHome
577,Curumani,CO,75.22,overcast clouds,9.1999,-73.5427,Hotel Mayumir
579,Sao Miguel Do Guama,BR,75.33,scattered clouds,-1.6267,-47.4833,Hotel Rio Guam√°
580,Tautira,PF,78.3,light rain,-17.7333,-149.15,Pension Oaoa
581,Agua Verde,MX,75.29,clear sky,22.9,-106.05,
582,Camacha,PT,63.82,scattered clouds,33.0833,-16.3333,Hotel Porto Santo & Spa
584,Te Anau,NZ,66.06,overcast clouds,-45.4167,167.7167,Kingsgate Hotel Te Anau
585,Taunggyi,MM,61.54,clear sky,20.7833,97.0333,True Treasure Hotel
586,Mount Gambier,AU,56.1,broken clouds,-37.8333,140.7667,The Commodore
587,Awjilah,LY,60.58,clear sky,29.1081,21.2869,
589,Tiznit,MA,65.62,few clouds,29.5833,-9.5,
590,Boulder City,US,54.43,clear sky,35.9786,-114.8325,Boulder Dam Hotel
591,Tanabe,JP,59.76,clear sky,33.7333,135.3667,ÁæéÂêâÂ±ãÊóÖÈ§®
592,Otukpo,NG,73.38,overcast clouds,7.1913,8.1329,Queen s Hotel
596,Nador,MA,70.05,clear sky,35.174,-2.9287,H√¥tel La Giralda
598,Lagoa,PT,63.59,scattered clouds,39.05,-27.9833,Casa Das Faias
599,Huarmey,PE,64.35,broken clouds,-10.0681,-78.1522,Hotel Miramar
600,Las Palmas,ES,66.99,clear sky,28.4204,-14.0131,Casillas De Morales 59.
606,Bramming,DK,50.65,overcast clouds,55.4695,8.7001,Bramming city bed & breakfast
607,Rabo De Peixe,PT,65.28,broken clouds,37.8,-25.5833,Quinta das Giestas
610,Saint-Paul,RE,75.0,few clouds,-21.0096,55.2707,Boucan Canot
611,North Bend,US,53.51,clear sky,43.4065,-124.2243,Red Lion Hotel Coos Bay
612,Lucea,JM,79.86,clear sky,18.451,-78.1736,Grand Palladium Jamaica Resort & Spa
613,Gibara,CU,78.12,clear sky,21.1097,-76.1317,Sol y Mar
615,Miracema Do Tocantins,BR,78.08,scattered clouds,-9.5618,-48.3967,Miami Apart Hotel
617,Margate,GB,55.9,broken clouds,51.3813,1.3862,Premier Inn Margate hotel
620,Shimoga,IN,68.92,broken clouds,13.9167,75.5667,CLIFF EMBASSY BANQUET AND SUITES
628,Carballo,ES,58.01,overcast clouds,43.213,-8.691,Pazo do Souto
630,Ipoti,NG,67.57,overcast clouds,7.8738,5.0769,"Hotel Saint Abigail Hall n Suites, Ipoti-Ekiti"
631,Carmo Do Rio Claro,BR,68.11,overcast clouds,-20.9719,-46.1189,Varandas da Montanha Hotel
633,Erzin,TR,58.57,light rain,36.9559,36.2,Artemis Otel
634,Manjacaze,MZ,62.22,clear sky,-24.7117,33.8828,Hotel Gani
637,Asfi,MA,66.42,overcast clouds,32.2994,-9.2372,H√¥tel Abda
638,Sitges,ES,67.84,overcast clouds,41.2351,1.8119,URH Sitges Playa
639,Tari,NG,71.55,clear sky,12.4086,4.4914,
640,Mandera,KE,79.65,clear sky,3.9366,41.867,Red Sea Resort & Suites Mandera County
641,Kalmunai,LK,76.64,overcast clouds,7.4167,81.8167,VS Villa
642,Abu Samrah,SY,56.68,broken clouds,35.3029,37.1841,
643,Micheweni,TZ,77.45,light rain,-4.9667,39.8333,
644,General Roca,AR,77.79,clear sky,-39.0333,-67.5833,Hotel El Recreo
645,Methven,NZ,73.02,overcast clouds,-43.6333,171.65,Brinkley Resort
647,Port Hedland,AU,71.65,light intensity shower rain,-20.3167,118.5667,The Esplanade Hotel
649,Valparaiso,CL,58.64,few clouds,-33.0393,-71.6273,Hotel Ultramar
650,Mizdah,LY,55.06,clear sky,31.4451,12.9801,ŸÖÿ≠ŸÖÿØÿßŸÑŸÖÿ®ÿ±ŸàŸÉ ÿßŸÑÿßÿ±ŸäŸÇÿ∑
651,Kutum,SD,60.67,few clouds,14.2,24.6667,Dibbo areaŸÖŸÜÿ∑ŸÇÿ© ÿØÿ®Ÿà
652,Linguere,SN,78.55,broken clouds,15.3953,-15.1193,AYO Casablanca
658,Kang,BW,73.26,clear sky,-23.6752,22.7876,Kang Ultra Stop
659,Dabakala,CI,73.9,clear sky,8.3667,-4.4333,Mosqu√©e
660,Ravar,IR,53.31,clear sky,31.2656,56.8055,computertik
664,Caravelas,BR,76.44,overcast clouds,-17.7125,-39.2481,Pousada dos Navegantes
665,Tarrafal,CV,74.19,broken clouds,15.2833,-23.7667,Hotel Ixola
666,Porgera,PG,57.42,broken clouds,-5.4667,143.2,
667,Toribio,CO,60.66,moderate rain,2.9548,-76.2684,Casa de Huespedes Toribio
669,Werda,BW,74.35,few clouds,-25.2667,23.2833,
670,Canutama,BR,74.28,moderate rain,-6.5339,-64.3831,Endere√ßo Atual- Mauricio da Silva Lima
671,Luba,GQ,79.39,light rain,3.4568,8.5547,
672,Hukuntsi,BW,74.19,clear sky,-24.0,21.75,Its me guest house
674,Deqing,CN,61.95,clear sky,30.5448,119.9599,Narada Boutique Hotel Huzhou Deqing
675,Kuruman,ZA,61.0,clear sky,-27.4524,23.4325,A HOTEL KURUMAN
677,Grand-Bourg,GP,75.15,clear sky,15.8835,-61.3148,Coco Beach Resort
679,Hounde,BF,73.42,few clouds,11.5,-3.5167,Carrefour o√π ouvriers dorment
680,Misratah,LY,66.85,clear sky,32.3754,15.0925,Almasa Hotel
681,Kharar,IN,59.76,clear sky,30.7444,76.6478,OYO 19817 Hotel Sartaj
683,Chicama,PE,63.14,overcast clouds,-7.8447,-79.1469,Balihai Bungalows
684,Treinta Y Tres,UY,59.18,clear sky,-33.2333,-54.3833,Jardines Apart-Hotel
685,Presidencia Roque Saenz Pena,AR,71.64,overcast clouds,-26.7852,-60.4388,Hotel Gualok
686,Ponnani,IN,74.52,scattered clouds,10.767,75.9252,Rouba Residency
687,Guiyang,CN,52.66,overcast clouds,26.5833,106.7167,Guo Tai Hotel Guiyang
689,Lata,PT,56.07,overcast clouds,40.1629,-8.3327,Terra√ßos da Beira
690,Chinu,CO,75.52,overcast clouds,9.1057,-75.3981,Restaurante y Hotel Punto y ComaX
693,Banda Aceh,ID,79.34,light rain,5.5577,95.3222,OYO 884 Rumoh PMI Hotel
695,Odweyne,SO,65.17,overcast clouds,9.4092,45.064,Eng Hiirey House
696,Elizabeth City,US,64.42,moderate rain,36.2946,-76.2511,Hampton Inn Elizabeth City
700,Itoman,JP,73.42,broken clouds,26.1247,127.6694,Southern Beach Hotel & Resort Okinawa
